name,phone,address,website,description
RESOURCE DIRECTORY,,,,"Disclaimer The Bexar County Behavioral Health Resource Directory provides a list of behavioral health resources and services that may be helpful to the public. Bexar County strives to ensure this information is accurate at the time of publication. However, Bexar County makes no representa- tions, guaranties, or warranties as to the accuracy, completeness, relia- bility, or suitability of the information or services contained herein. Bexar County shall under no circumstance be responsible for any er- rors or omissions which may occur in this Directory, be liable for any actions taken or damages as a result of reliance upon any information contained in this Directory, or be liable for the actions of any entity listed in the Directory. Under no circumstance should the inclusion of an entity in the Directory be construed as an endorsement or recom- mendation of the entity by Bexar County. Service Options To help assist in finding services that meet your needs, agencies were asked to indicate specific service options they have available. The fol- Telehealth Certain services are available over the phone Sliding Scale Service payments can be adjusted based on your income. Unfunded/No Cost Certain services may be eligible for the indicated service or payment method Our Team Gilbert R. Gonzales Director Leticia Dominguez, LCSW Manager Melissa D. Lucio, LCDC Substance Use Program Coordinator Victoria Gomez School-Based Mental Wellness Program Manager Stacey Eure Senior Program Analyst Contact Us 4"
CENTER FOR HEALTHCARE SERVICES,210-261-2427,"6800 Park Ten Blvd., Suite 200-S",,"chcsbc.org The Center for Health Care Services provides integrated care to im- prove the lives of children and adults with mental health conditions, substance use challenges, and intellectual or developmental disabili- ties. The Center for Health Care Services offers a sliding fee scale and accepts all patients regardless of inability to pay. Adult Behavioral Health Services Comprehensive mental health services to support each person’s goals for recovery, including: psychiatric evaluation and treatment, medication management, wellness counseling and education, indi- vidual and group therapy, psychiatric care, psychosocial rehabilita- tion, and case management offered at a variety of locations. Outpatient Mental Health Services Intensive Mental Health Services Long-Term Care Services Children’s Behavioral Health Services Being mentally healthy in childhood means reaching developmental and emotional milestones, learning healthy social skills, and how to cope when problems arise. When there is a concern that a child might not be meeting these milestones, The Center offers an array of services that can help. Outpatient Mental Health Services (ages 3-17) Juvenile Justice Programs (ages 10-17) Intensive Mental Health Services Substance Use Services The CHCS Restoration Center and transformational services help people break the cycle of addiction and regain sobriety through safe, meaningful programs that reduce harms associated with substance use, promote total recovery for people with co-occurring mental health and substance use disorders, and provide better care coordi- nation. Outpatient Treatment Residential Treatment Intellectual and Developmental Disability Services (IDD) People living with IDD deserve to live life to its fullest, and may re- quire long-term services and supports indefinitely. By promoting dignity and choice for adults with IDD, the CHCS Long-Term Care Services help improve the quality of life for consumers and their loved ones through programs designed for inclusivity, accessibil- ity, and independence. Residential Services Day Habilitation Employment Connections Other Help Specialties Primary Care Peer Services Homelessness Veteran Services Law Enforcement Supportive Housing Supported Employment Court-ordered Treatment High Utilizers of ERs & Inpatient Treatment Outreach, Linkage, and Support"
GENERAL SERVICES,,,,"Treatment options to help assess, stabilize, and regulate general mental health issues."
ALAMO AREA RAPE CRISIS CENTER	,210-521-7273,"4606 Centerview Drive, Suite 200",,"Individual Therapy, Group Therapy, Case Management, Crisis, Survi- vors of sexual violence and their family members are eligible for ser- vices."
BEXAR COUNTY FAMILY JUSTICE CENTER ,210-631-0100,,,"bcfjc.org 126 E. Nueva, 2nd Floor Coordinated services for victims of domestic and family violence in- cluding Criminal Justice Intervention, Civil Legal Services, Child Care, Counseling Services, and Life Skills"
"CAVIAR CLINICIAN, PLLC	",214-631-9762,,,"Provides counseling, therapy, life coaching, and consulting to fit your needs. Telehealth only, Individual and Group Therapy"
CENTERCARE HEALTH AND WELLNESS $ ,210-261-1500,"8122 Datapoint Dr., Ste 1003",,"centercaresa.org Individual and Group Therapy, Case Management, Medication Man- agement, Psychiatric Evaluations. Medicaid, Medicare, private insur- ance and self-pay accepted."
CENTER FOR HEALTHCARE SERVICES	,210-261-2427,,,"chcsbc.org The Center for Health Care Services provides integrated care to im- prove the lives of children and adults with mental health conditions, substance use challenges and intellectual or developmental disabili- ties. The Center for Health Care Services offers a sliding fee scale and accepts all patients regardless of inability to pay."
CHARLIE HEALTH ,866-540-1828,,,"charliehealth.com 1- Intensive outpatient therapy program that provides group, primary, and family therapy weekly and 100% virtually. Bilingual clinicians (Spanish and English) work with clients (ages 11-30) for a host of mental health and substance use issues."
COMMUNITY COUNSELING SERVICE $ ,210-434-1054,"590 North General McMullen, Suite 3 Affordable, bilingual, and accessible counseling",,"ccsweb.ollusa.edu services to individuals, couples, and families. Walk- in/phone-in service for clients who are ready to begin working on their problem and want to avoid waiting for an appointment."
CHILDREN'S BEHAVIORAL HEALTH CLINIC,210-261-3350,,,
CONNECTED,210-736-4847,227 W. Drexel,,"Outpatient mental health treatment for Bexar Coun- ty youth (ages 3-17) with a DSM-V Diagnosis. Ser- vices include skills training, counseling, medication training and support, psychiatric evaluation, medi- cation monitoring, and family partner support. 6812 Bandera Road CHILDREN'S BEREAVEMENT CENTER OF SOUTH TEXAS	 205 W. Olmos Drive Individual Therapy, Group Therapy, grief counsel- ing, bereavement support for children (ages 3-24) and their families through peer support groups, school-based programs, bereavement camps, and individual counseling based on assessment"
THE CHILDREN’S SHELTER,210-212-2500,,,childrensshelter.org 2939 West Woodlawn
HARVEY E. NAJIM HOPE CENTER 210-503-4500,210-934-2511,"Specialized, trauma-focused outpatient mental health clinic for children (ages 3-17) and families impacted by abuse, neglect, and/or abandonment. Therapy is also offered to adults of any age who are victims of crime and impacted by trauma.",,"myconnected.net 4346 NW Loop 410 Services for current and former foster youth includ- ing case management, trauma-informed education, skill-building workshops, intensive advocacy ser- vices, career and employment services. Services are available to current and former foster youth (ages 16-24). DEPRESSION AND BIPOLAR SUPPORT ALLI- ANCE SAN ANTONIO Facebook: DBSA San Antonio 1-210-945-0689 6851 Citizens Parkway Peer/Recovery Support, weekly free confidential peer support group meetings in-person and online"
THE ECUMENICAL CENTER	,210-616-0885,"8310 Ewing Halsell Drive (Headquarters) Individual Therapy, Group Therapy, Music and Art Therapies, Neurofeedback, EMDR/Trauma",,ecrh.org
FAMILY SERVICE ASSOCIATION	,210-299-2400,,,"family-service.org Family Service counseling services are open to eve- ryone and include features such as individual and group therapy and individualized treatment plans. Services are available on a sliding scale to unin- sured individuals. To schedule an appointment, call 210-299-2406."
FOCUS AND BALANCE $ ,210-858-9980,2040 Babcock Rd #301,,"Medication management, Crisis Services, In-house ADHD Assessment, Autism Diagnosis, Personality Assessment, Cognitive Testing, Clearance Letters, Transcranial Magnetic Stimulation (TMS)"
THE GRACE TREE FOUNDATION $ ,210-334-9642,"8620 N. New Braunfels Ave., Suite 414",,"Trauma Specific Somatic Services: Somatic Experi- encing®, Neurosomatic Movement Therapy, Yoga Therapy, Sessions by appointment only"
GUARDIAN HOUSE	,210-733-3349,1818 San Pedro Ave,,"guardianhouse.org Helping children and parents in high-conflict di- vorce situations redefine and restructure their fami- lies during this unstable transition period. Services offered include Individual Therapy, Couples Coun- seling, Family Counseling, Reunification Counsel- ing, Supervised Visitations, Monitored Exchanges, Parent Education"
HEALTHY INNOVATIVE PROCESSES	,210-271-3630,"5282 Medical Drive, Suite 605",,"hip-sa.org Nonprofit corporation aimed at cultivating and im- proving access to employment, behavioral health, and wellness services for people with disabilities."
HOME & COMMUNITY-BASED SERVICES $,210-261-3419,,,Medicaid Waiver Program that provides services to adults with serious mental illness to enable them to live and experience success in the community. Ser- vices are designed to support long-term recovery from mental illness.
HOPEWISE ,210-617-3185,"1931 NW Military Hwy, 206",,"Counseling center with services pertaining to chronic pain and illness, depression, anxiety, trau- ma, career counseling, parenting issues, and self- esteem issues"
JOSEPHINE RECOVERY CENTER,210-261-3800,711 E. Josephine St.,,"People experiencing a mental health or substance use crisis can often benefit from a detoxification program and stabilization unit rather than a busy emergency room. The Josephine Recovery Center, a 16-bed therapeutic facility, offers a safe, effective alternative for Bexar County adults recovering from a behavioral health crisis."
LAUREL RIDGE TREATMENT CENTER ,210-491-9400,17720 Corporate Woods Drive,,"laurelridgetc.com Specialized behavioral health care and/or addiction treatment including inpatient, outpatient, or partial hospitalization mental health, dual diagnosis pro- gram, electroconvulsive therapy treatment or more."
LET'S TALK COUNSELING SERVICES $ ,210-213-5780,,,"letstalkcounselingservices.com 1802 NE Loop 410, Ste 301D Individual and Group Therapy for a variety of men- tal health issues, but specializing in Domestic Vio- lence, Addiction, Trauma, and PTSD"
NAMI - SAN ANTONIO	,210-734-3349,"6800 Park Ten Blvd., Suite 248 E",,National Alliance on Mental Illness Free education classes and support for families and peers aimed at improving the quality of life for all people affected by mental illness.
BRIDGES TO CARE - SAN ANTONIO,,,,Faith-based initiative that connects congregations and service providers through training to be places of mental health and community wellness.
NEELY COUNSELING CENTER,210-523-4200,"11153 Westwood Loop, Bldg 1. Suite 121-123 Specialized in helping adults, couples, and teens find tools to combat anxiety and self-esteem issues through counseling, coaching, and online courses. Mental health advice podcast is available to teach, educate, and inspire you to drop your limiting back- story and live a more confident, fulfilled life.",,
NEW OPPORTUNITIES FOR WELLNESS	,210-450-7222,7810 Louis Pasteur Dr.,,"nowclinicsa.org The mission of NOW is to ensure that all Bexar County residents have rapid and continued access to behavioral health services such as Individual & Group Therapy, Case Management, Medication Management, and Peer Support"
CRISIS SUPPORT,,,,Living Room: Walk-in crisis service aimed to help clients cope and avoid hospitalization. Monday-Friday: 8:00 a.m.-4:00 p.m.
POWER PROGRAM $,210-261-3143,,,"powerprogramsa.org Serves young adults who have begun experiencing confusion, unusual thoughts, acting in ways that seem difficult for others to understand, hearing or seeing things others don't, withdrawing from family and friends, or becoming suspicious of other peo- ple."
PROSUMERS INTERNATIONAL	,800-577-3795,"6800 Park Ten Blvd, Suite 220N",,theProsumers.org Peer Support through a variety of groups to assist people in creating a life worth living.
"ROY MAAS’ YOUTH ALTERNATIVES, INC.",210-340-8077,3103 West Ave.,,"rmya.org FAMILY COUNSELING & RESOURCE CENTER 210-340-7971, ext. 1100 Low or no cost individual and family counseling, crisis intervention, parenting classes, and child & adolescent psychiatric services for community chil- dren and families struggling with emotional, behav- ioral, and mental health issues."
SAN ANTONIO COUNSELING & BEHAVIORAL,,,,
CENTER ,210-614-4990,"12915 Jones Maltsberger Rd., Building 300 Individual and group therapy specializing in assist- ing with marriage and family issues, grief, bereave- ment, anxiety, depression, and trauma",,"sacounselingcenter.com Psychotherapy for children, adolescents, adults, and families with services assisting issues such as addic- tion, eating disorder services, ADHD, autism, men- tal health evaluations, PTSD, depression, anxiety, and trauma SERENITY PLACE AT TX, LLC $  serenityplacellc.com 210-858-5898"
SIGMA MENTAL HEALTH URGENT CARE,210-314-4564,"18587 Sigma Rd, #260",,"Provide immediate walk-in psychiatric and thera- peutic services during moments of crisis. STAT COUNSELING & CONSULTING, LLC $  statcounseling.com 210-802-9355 12030 Bandera Rd A one-stop-shop for complete mental wellness of- fering both medication management and counsel- ing services all in one office."
TEXAS FAMILY VOICE NETWORK,,,,txfvn.org Peer Support for Families of Children and Young Adults with Behavioral Health Challenges
URGENT BEHAVIORAL HEALTH CARE ,210-591-1615,"311 Camden St., Suite 510",,"UrgentBehavioralHealthCare.com Provides comprehensive inpatient, outpatient and telepsychiatric services including urgent appoint- ments and convenient evening and weekend scheduling. YOUTH EMPOWERMENT SERVICES (YES) WAIVER PROGRAM $ 210-261-1135 Expanded Medicaid services for youth (ages 3-18) with severe emotional and/or behavioral needs to help prevent out-of-home placements and reduce psychiatric hospital re-admissions. Services include community living supports, counseling, and case management. Call to join the interest list."
PSYCHIATRIC INPATIENT,,,,Treatment that generally requires hospitalization
CLARITY CHILD GUIDANCE CENTER	,210-616-0300,,,"8535 Tom Slick Inpatient Hospitalization, Individual Therapy, Group Therapy, Case Management, Medication Manage- ment, Partial Hospitalization Program, Crisis"
LAUREL RIDGE TREATMENT CENTER ,210-491-9400,17720 Corporate Woods Drive,,"laurelridgetc.com Specialized behavioral health care and/or addiction treatment including inpatient, outpatient, or partial hospitalization mental health, dual diagnosis pro- gram, electroconvulsive therapy treatment and more."
METHODIST SPECIALTY AND TRANSPLANT HOSPITAL ,210-575-0500,8026 Floyd Curl Drive,,"sahealth.com/mentalwellness Full spectrum of adult and geriatric behavioral health services including Psychiatry Services, Family and Group Therapy, Partial Hospitalization Pro- gram, Intensive Outpatient Program, Partial Hospi- talization Program, and Opioid Stabilization Ser- vices"
SAN ANTONIO BEHAVIORAL HEALTHCARE HOSPITAL ,210-541-5300,8550 Huebner Rd.,,"sanantoniobehavioral.com Compassionate care, help, and support for those struggling with their mental health in San Antonio through services such as Inpatient Hospitalization, Partial Hospitalization, Intensive Outpatient Pro- gram, Individual and Group Therapy, Medication Management, and Case Management"
SAN ANTONIO STATE HOSPITAL,210-532-8811,,,"hhs.texas.gov 6711 South New Braunfels, Suite 100 The San Antonio State Hospital is an in-patient psy- chiatric hospital offering adult psychiatric services and forensic competency restoration."
UNIVERSITY HEALTH ,210-358-3108,5018 San Pedro,,"health Our behavioral and mental health services offer a safe, confidential and supportive atmosphere. We offer psychiatric evaluations, outpatient support and hospital-based treatment for adults. ALAMO CENTER EDUCATION + TREATMENT LLC	 alamocenter.org 210-824-5537 Intensive Outpatient Services"
ALPHA HOME	,210-735-3822,419 E Magnolia Ave,,"alphahome.org Women's residential treatment, outpatient counseling for men and women, ongoing recovery support"
BANYAN TREATMENT CENTERS $ ,888-515-7701,"4168 Co Rd 444, Waelder, TX 78959",,"banyantexas.com Addiction recovery that provides each patient the necessary tools to obtain and maintain long-term sobriety through services such as De- tox, Residential Treatment, Partial Hospitalization, Individual and Group Therapy, and Case Management"
BLUE HERON RECOVERY	,210-588-0508,,,"blueheronrecovery.com 2015 NE Loop 410 Recovery center offering experience programing (walking, garden- ing, art, yoga, disk golf, basketball), educational classes (taught by counselors and our physician), and deep process groups every day. Clients are assigned an individual therapist for weekly and family ses- sions."
CENTER FOR HEALTHCARE SERVICES	,210-261-2427,,,"Restoration Center and transformational services help people break the cycle of addiction and regain sobriety through safe, meaningful programs that reduce harms associated with substance use, promote total recovery for people with co-occurring mental health and sub- stance use disorders, and provide better care coordination."
CHARLIE HEALTH ,866-540-1828,,,"charliehealth.com 1- Intensive outpatient therapy program that provides group, primary, and family therapy weekly and 100% virtually. Bilingual clinicians (Spanish and English) work with clients (ages 11-30) for a host of mental health and substance use issues."
CONTINUUM OUTPATIENT CENTER ,210-405-5935,"6200 UTSA Blvd., Ste 102",,"continuumoutpatient.com Intensive outpatient treatment program for sub- stance use designed to help patients overcome past trauma, prevent relapse, heal relationships, and learn skills that enhance their lives. Services of- fered include Partial Hospitalization, Intensive Out- patient, Individual and Group Therapy, Case Man- agement, and Medication Management. Scholar- ship Opportunities Available."
CORAZON SAN ANTONIO,210.226.8341,"Harm Reduction Outreach: Aid clients that are suf- fering from drug addiction. Services include needle exchange, harm reduction education, medical care, HIV/HepC testing, case management and recovery coaching. Monday-Friday: 9:00 a.m.-3:00 p.m.",,corazonsa.org x318
"CROSSPOINT, INC	",210-225-0864,301 Yucca Street (Headquarters),,"cpsatx.org Provides mental health counseling, substance use treatment, life skills enhancement and/or transfor- mational residential services."
AUSTIN-CULLUM OUTPATIENT CENTER 210-549-4730,,,,Outpatient clinic licensed for addictions treatment and staffed with licensed mental health profession- als that provides free counseling services to resi- dents of District 2 who can benefit from supportive brief intervention counseling.
ELEANOR HEALTH	,726-201-3047,"8500 Village Dr, Suite 101",,"eleanorhealth.com/texas-referring-partners Eleanor Health's mission is to help anyone con- cerned about their mental health or affected by ad- diction live an amazing life. The program offers drug addiction recovery services, from outpatient drug rehabilitation to home addiction treatment services and more. Monday-Friday, 9:00 a.m.-5:00 p.m., Saturday: By appointment only"
GRACE HOUSE,210-493-7884,"Faith-based nonprofit ministry offering a 9-month recovery program established to train, support, and give hope to women following incarceration, drug and alcohol addiction, or those in the midst of peri- lous lifestyles.",,gracehousesa.org
GREENHOUSE TREATMENT CENTER $,972-846-8780,,,"greenhousetreatment.com 1171 107th St Grand Prairie, TX 75050 Provides flexible addiction recovery plans including services such as group therapies, detox, one-on- one counseling, activities, and much more."
JOSEPHINE RECOVERY CENTER,210-261-3800,711 E. Josephine St.,,"People experiencing a mental health or substance use crisis can often benefit from a detoxification program and stabilization unit rather than a busy emergency room. The Josephine Recovery Center, a 16-bed therapeutic facility, offers a safe, effective alternative for Bexar County adults recovering from a behavioral health crisis."
LAUREL RIDGE TREATMENT CENTER ,210-491-9400,17720 Corporate Woods Drive,,"laurelridgetc.com Specialized behavioral health care and/or addiction treatment including inpatient, outpatient, or partial hospitalization mental health, dual diagnosis pro- gram, electroconvulsive therapy treatment or more."
LET'S TALK COUNSELING SERVICES $ ,210-213-5780,,,"letstalkcounselingservices.com 1802 NE Loop 410, Ste 301D Individual and Group Therapy for a variety of men- tal health issues, but specializing in Domestic Vio- lence, Addiction, Trauma, and PTSD."
THE LOS PATIOS FOUNDATION	,210-588-0508,,,"thelospatiosfoundation.org 2015 NE Loop 410 The Foundation is committed to helping people struggling with drugs and alcohol find appropriate detox, residential, outpatient, and aftercare pro- grams. We also support life skills development op- portunities, family therapy, trauma therapy, fellow- ship, support groups, and community engagement. Scholarship opportunities available."
METHODIST SPECIALTY AND TRANSPLANT HOSPITAL ,210-575-0500,8026 Floyd Curl Drive,,"sahealth.com/mentalwellness Full spectrum of adult and geriatric behavioral health services including Psychiatry Services, Family and Group Therapy, Partial Hospitalization Pro- gram, Intensive Outpatient Program, Partial Hospi- talization Program, and Opioid Stabilization Ser- vices"
NEW OPPORTUNITIES FOR WELLNESS	,210-450-7222,7810 Louis Pasteur Dr.,,nowclinicsa.org The mission of NOW is to ensure that all Bexar County residents have rapid and continued access to behavioral health services.
RELAPSE PREVENTION WORKSHOPS,210-212-2926,1 Haven for Hope Way,,One-time workshops are available by appointment to help clients dealing with substance use problems develop a long-term recovery plan. These sessions help clients use problem-solving skills to prevent relapse and maximize harm-reduction skills if re- lapse does occur. PAY IT FORWARD CLEAN & SOBER LIVING Program that provides recovery support and sober living facilities for both men and women to help them rebuild their lives after they complete drug and alcohol rehab providing them a significantly improved chance of staying clean & sober than with drug rehab programs alone.
PROSUMERS INTERNATIONAL	,800-577-3795,"6800 Park Ten Blvd, Suite 220N",,theProsumers.org Peer Support through a variety of groups to assist people in creating a life worth living.
THE RESTORATION CENTER	,210-261-3076,"440 Fischer Store Rd, Wimberley, TX 78676 Residential drug and alcohol rehab center that pro- vides comprehensive, evidence-based treatment for substance use and co-occurring disorders for adults.",,"601 N. Frio Helps people break the cycle of addiction and re- gain sobriety through safe, meaningful programs that reduce harms associated with substance use, promote total recovery for people with co- occurring mental health and substance use disor- ders, and provide better care coordination for the most acute people in Bexar County. THE RIGHT STEP HILL COUNTRY $  rightsteprehabhillcountry.com 844-806-1488"
RIPPLE RANCH RECOVERY CENTER,830-494-4717,,,"rippleranch.com 2098 Texas Oaks Spring Branch, TX 78070 Addiction treatment center in Texas Hill Country focusing on providing unique and effective care to those battling substance use and mental health disorders. Services offered include Inpatient Hospitalization, Individual and Group Therapy, Case Management, Medication Management, Crisis Services. Scholarships available periodically."
RISE RECOVERY	,210-227-2634,,,"RiseRecovery.org Peer/Recovery Support Services available for youth, young adults, and families including group meetings, one-on-one sessions, edu- cation classes, and social activities (both in person and virtual). We also provide outreach to local school districts."
RISE INSPIRE ACADEMY,,,,A high school for students actively seeking sobriety from drugs and alcohol in a high-quality academic environment.
SA JOB DEVELOPMENT $,210-261-3035,6655 First Park Ten Blvd,,"A supported employment program designed to assist individuals, identified as having an Opioid Use Disorder, in finding gainful em- ployment."
SALVATION ARMY,,,,salvationarmysanantonio.org
ADULT REHABILITATION CENTER 210-223-6877,,,,"Provides assistance for adults who have lost the ability to cope with their problems and provide for themselves. Each center offers resi- dential housing, work, group and individual therapy, all in a clean, wholesome environment. The care received prepares participants to re-enter society and return to gainful employment. 18"
SAN ANTONIO BEHAVIORAL HEALTHCARE HOSPITAL ,210-541-5300,8550 Huebner Rd.,,"sanantoniobehavioral.com Compassionate care, help, and support for those struggling with addiction in San Antonio through substance use services such as Residential, Inten- sive Outpatient, Partial Hospitalization, Detox, and Medication Assisted Treatment"
SAN ANTONIO RECOVERY CENTER,844-931-4791,"Independent drug & alcohol treatment center offer- ing a full spectrum of treatment to ensure clients receive the best chance of recovery. Programs of- fered include Residential Treatment, Intensive Out- patient, Detox, Aftercare Program, and 90-Day Treatment.",,"sanantoniorecoverycenter.com 5806 Culebra Rd San Antonio, TX 78228 8975 Cagnon Rd. San Antonio, TX 78252"
STARLITE RECOVERY CENTER ,844-650-1390,,,"StarliteRecovery.com Provides comprehensive, individualized continuum of care for chemically dependent persons and/or their family members who have been affected by the diseases of alcoholism and/or drug addiction. Services include Residential, Intensive Outpatient, Partial Hospitalization, and Detox. Call for free insur- ance verification."
TEXAS FAMILY VOICE NETWORK,,,,txfvn.org Peer Support for Families of Children and Young Adults with Behavioral Health Challenges
AGENCY,,,,
SHOUT OUT,,,,
NAMI - SAN ANTONIO,210-734-3349,"6800 Park Ten Blvd., Suite 248 E",,"National Alliance on Mental Illness NAMI is the National Alliance on Mental Illness, the nation’s largest grassroots mental health or- ganization dedicated to building better lives for the millions of Americans affected by mental ill- ness. Support Groups Free, confidential peer support groups discuss- ing mental health to gain insight from the chal- lenges and successes of others facing similar ex- periences. Separate groups are available for adults (18+) with mental health conditions and their families. NAMI on Campus Student-led clubs that support fellow stu- dents raise mental health awareness, educate the campus community and promote services and supports. Pathways to Hope Conference Free, community-wide conference focused on reducing stigma, improving mental health sup- port, providing education and resources Education Free educational programs to discuss mental health experiences, effective tools for recovery, common support needs for individuals experi- encing mental illness and their families. Stigma Reduction Free presentations can be scheduled that in- form and educate viewers of the warning signs and misconceptions of mental health condi- tions. Ending the Silence In Our Own Voice NAMIWalk namiwalks.org Annual mental health awareness 5k fundraiser encouraging Mental Health for All."
EMERGENCY SHELTERS,,,,Temporary facility that provides immediate shelter for individuals in crisis with nowhere to sleep.
BETHANY UNITED METHODIST CHURCH,210-655-5473,4102 Eisenhower Rd.,,"bethanysa.org Winter overflow shelter services (32˚ or below), 5:00 p.m.-8:00 a.m., laundry, shower, meal"
THE CHILDREN’S SHELTER,210-212-2500,"Emergency Shelter and safe haven for children (up to age 12) who have been removed from their homes due to traumatic experiences such as abuse, neglect, and/or abandonment.",,childrensshelter.org 2939 West Woodlawn
FAMILY VIOLENCE PREVENTION SERVICES,210-930-3669,7911 Broadway,,"fvps.org Offers residential and non-residential clients shelter, transitional housing, counseling for adults, children, families, and legal services. These services help individuals and families recovery from the pain and longer-term effects of domestic violence."
HAVEN FOR HOPE	,210-220-2100,1 Haven For Hope Way,,havenforhope.org Transformational campus that provides a system of care for individu- als and families experiencing homelessness in Bexar County. All of Haven for Hope programs provide indoor sleeping and access to housing and sustainability services. Individuals experiencing home- lessness can be enrolled into one of Haven’s various programs on a first-come-first-served basis and dependent on space availability. In- take hours are Monday-Friday: 7:00 a.m.-3:00 p.m.
"ROY MAAS’ YOUTH ALTERNATIVES, INC.",210-340-8077,3103 West Ave.,,"rmya.org Creates brighter futures for children in crisis by promoting individual success and healthy relationships in a safe, healing environment, giv- ing children and families the tools to end the cycle of abuse."
THE BRIDGE 210-340-7933,,"Children (ages 5-17) needing a safe place to stay for a short time receive 24-hour care while a more permanent placement is determined. Emergency shelter services are provided for trafficked, runa- way, homeless, foster youth and children transition- ing from juvenile probation. Call prior to arriving.",,
SALVATION ARMY,210-352-2000,,,salvationarmysanantonio.org
DAVE COY SHELTER FOR MEN,210-226-2291,226 Nolan St.,,ST. PETER – ST. JOSEPH CHILDREN’S HOME stpjhome.org 210-533-1203 919 Mission Rd. Short-term emergency shelter for children (ages birth to 17) who are victims of abuse or neglect and are under the protection of Child Protective Ser- vices.
STRONG FOUNDATION MINISTRIES,210-641-4357,414 N. Hackberry St.,,strongfoundation.org Emergency and temporary housing for homeless families with children Emergency shelter and transitional housing oppor- tunities for men (ages 18+) experiencing chronic homelessness and/or lack a stable housing environ- ment. Participants receive three meals daily and work with a case manager to identify and coordi- nate available educational and career development opportunities.
EMERGENCY FAMILY SHELTER,210-352-2046,,,521 W. Elmira
SAN ANTONIO RESCUE MISSION,210-222-9736,,,sarescuemission.org 907 E. Quincy Faith-based organization offering dormitory shelter to homeless men (ages 18+)
SETON HOME,210-533-3504,1115 Mission Rd.,,"setonhomesa.org Emergency shelter for pregnant and parenting teen mothers and their children in order to break the cy- cle of abuse and poverty by providing a caring home, education, and support services."
HOUSING & RENTAL ASSISTANCE,,,,General information and financial assistance related to housing.
ALAMO COMMUNITY GROUP,210-731-8030,"4606 Centerview Drive, Suite 170",,"alamocommunitygroup.org Housing organization offering affordable housing that promotes resident education, self-sufficiency, leadership and volunteerism"
HOUSE OUR HEROES PROGRAM 210-699-9074,,,,Affordable housing and extensive supportive ser- vices for homeless and at-risk veteran families.
ENDEAVORS,210-431-6466,6363 De Zavala Rd. (Headquarters),,"endeavors.org Supportive housing, case management, profession- al counseling, life skills training, and employment opportunities for chronically homeless adults with disabilities and their children throughout Texas. 22"
FAIR WEATHER LODGE 210-840-6437 (SARAH),,Permanent supportive housing serving a vulnerable population in San Antonio and Bexar County of sin- gle mothers with disabilities and their children who have experienced chronic homelessness. Call-in assessment hours are Mondays: 9:00 a.m.-10:45 a.m.,,
HABITAT FOR HUMANITY,210-223-5203,,,habitatsa.org 311 Probandt Habitat is a nonprofit housing organization working with local families in need of affordable homes.
HAVEN FOR HOPE	,210-220-2100,1 Haven For Hope Way,,havenforhope.org Transformational campus that provides a system of care for individuals and families experiencing homelessness in Bexar County. All of Haven for Hope programs provide indoor sleeping and ac- cess to housing and sustainability services. Individu- als experiencing homelessness can be enrolled into one of Haven’s various programs on a first-come- first-served basis (dependent on space availability). Intake hours are Monday-Friday: 7:00 a.m.-3:00 p.m.
HOUSING AUTHORITY OF BEXAR COUNTY,210-225-0071,1954 E. Houston St.,,habctx.org Aim to provide rental assistance to income-eligible households and to provide improved living condi- tions in Bexar County
INMAN CHRISTIAN CENTER,210-222-9641,1214 Colima Street,,"inmancenter.org Neighborhood-based community center serving the needs of low-income individuals and families in the inner city of San Antonio. Inman provides child- care, social services, education, recreation, and emergency food assistance as well as housing for individuals who are elderly and/or disabled."
MERCED HOUSING TEXAS,210-281-0234,120 W. Mistletoe Ave.,,"mercedhousingtexas.org Dedicated to creating healthy communities by providing quality, affordable housing with support- ive services for low-income individuals, families, and older adults where opportunities for education, em- ployment, financial literacy and health are en- hanced and encouraged."
OPPORTUNITY HOME SAN ANTONIO,210-477-6000,,,"homesa.org 818 S. Flores Provides quality, affordable housing and builds sus- tainable, thriving communities. Previously San Anto- nio Housing Authority."
PROSPERA HOUSING COMMUNITY SERVICES,210-821-4300,3419 Nacogdoches Rd.,,"prosperahcs.org Empowering families by providing safe, high- quality, affordable housing with support services. Our supportive housing provides a starting point for pursuing goals, fulfilling dreams, restoring spirit, and building self-endurance."
SAMMINISTRIES,210-340-0302,,,"samm.org 1919 NW Loop 410, Suite 100"
RAPID RE-HOUSING 210-321-5620,,,,Financial assistance is provided to homeless indi- viduals and families for up to 3 months along with 12 months of case management.
PERMANENT SUPPORTIVE HOUSING 210-321-5683,,,,Assists families with whom one member of the fami- ly has a disability empowering them to live as inde- pendently as possible
SAN ANTONIO ALTERNATIVE HOUSING CORP.,,,,"saahc.org Nonprofit organization that provides housing and support services for low and moderate-income communities in Texas SOUTH ALAMO REGIONAL ALLIANCE FOR THE HOMELESS (SARAH) sarahomeless.org/resources Homelink is San Antonio and Bexar County’s local Coordinated Entry System – a uniform, community- wide approach to connect persons who are literally homeless or at imminent risk of homelessness to housing resources."
TEMPORARY & TRANSITIONAL,,,,Temporary housing with supportive services that help stabilize and educate individuals experiencing homelessness.
BAPTIST CHILD & FAMILY SERVICES,210-733-7932,,,"discoverbcfs.net/sanantonio 4346 NW Loop 410 Transitional Center that offer case management, counseling, sheltering, and life skills training to at- risk young adults aging out of the foster care sys- tem."
FAMILY VIOLENCE PREVENTION SERVICES,210-930-3669,7911 Broadway,,"fvps.org Offers residential and non-residential clients shel- ter, transitional housing, counseling for adults, chil- dren, families, and legal services. These services help individuals and families recovery from the pain and longer-term effects of domestic violence."
GEORGE GERVIN YOUTH CENTER:,,,,
BASIC CENTER,210-568-8800,6944 South Sunbelt Drive,,"Pregnant, homeless, and/or runaway individuals (ages 13-17) looking to continue their education in a safe and supportive environment. The Basic Pro- gram provides therapeutic and supportive services and acts as a short- and long-term residential care facility to those whose needs are not adequately met in their current family structure or other shel- ters."
HAVEN FOR HOPE	,210-220-2100,1 Haven For Hope Way,,havenforhope.org Transformational campus providing a system of care for individuals and families experiencing homelessness in Bexar County. Shelter is provided while clients work to address issues that have led to their homelessness. Program enrollment is on a first -come-first-served basis. Intake hours are Monday- Friday: 7:00 a.m.-3:00 p.m.	24
MAGDALENA HOUSE,210-561-0505,,,"maghouse.org Neighborhood of transitional homes in San Antonio that serves mothers and their children who have fled dangerous and abusive lives. Utilizing a dual- generation approach, we provide safe shelter, basic needs, educational programming, and therapeutic services."
"ROY MAAS’ YOUTH ALTERNATIVES, INC.",210-340-8077,3103 West Ave.,,"rmya.org Creates brighter futures for children in crisis by pro- moting individual success and healthy relationships in a safe, healing environment, giving children and families the tools to end the cycle of abuse."
TURNINGPOINT 210-349-3610,,"Former foster care youth and homeless community youth (ages 18-24) live independently in a home with roommates. They receive professional case management, weekly counseling, job and life skills, educational assistance, and resource referrals, to help them meet their goals and leave the program ready to become productive members of our com- munity.",,
SALVATION ARMY,210-352-2000,,,salvationarmysanantonio.org
ADULT REHABILITATION CENTER 210-223-6877,,,,"Provides assistance for adults who have lost the ability to cope with their problems and provide for themselves. Each center offers residential housing, work, and group and individual therapy, all in a clean, wholesome environment. The services re- ceived prepare participants to re-enter society and return to gainful employment."
DAVE COY SHELTER FOR MEN 210-226-2291,,226 Nolan St.,,Emergency shelter and transitional housing oppor- tunities for men (ages 18+) experiencing chronic homelessness and/or lack a stable housing environ- ment. Participants receive three meals daily and work with a case manager to identify and coordi- nate available educational and career development opportunities.
SAMMINISTRIES,210-979-6188,,,"samm.org 1919 NW Loop 410, Suite 100 The Transitional Living and Learning Center is a 40- family home that provides housing, support, and resources to families who show a commitment to gaining self-sufficiency as they work to overcome homelessness."
STRONG FOUNDATION MINISTRIES,210-641-4357,414 N. Hackberry St.,,strongfoundation.org Emergency and temporary housing for homeless families with children
VISITATION HOUSE MINISTRIES,210-735-6910,830 W. Mulberry Ave.,,"visitationhouseministries.org Transitional housing for women and children (2- year program), call for appointment"
YOUTH CENTER OF TEXAS,210-417-5077,,,"youthcenteroftexas.org (24-Hour Hotline) 3730 East IH-10, Suite B Transitional living program for female survivors of child sex trafficking and sexual exploitation (ages 18-22)"
UTILITY ASSISTANCE,,,,Temporary financial assistance to reduce the costs associated with home utilities
CHRISTIAN ASSISTANCE MINISTRY,210-223-4099,110 McCullough Ave,,"christianassistanceministry.org Financial assistance for utilities provided to families with proof of resi- dence. Application, ID & Social Security card required. CAM Downtown CAM Northwest 210-697-5771 5084 DeZavala"
ELLA AUSTIN COMMUNITY CENTER,210-224.2351,1023 N. Pine St.,,ellaaustin.org Multi-social service agency offering utility assistance to individuals and families in crisis
CLOTHING,,,,
"AGAPE MINISTRY, INC.",210-590-6655,,,theagapeministryinc.org Food Pantry & Clothes Closet
CATHOLIC CHARITIES,210-222-1294,,,ccaosa.org Clothes Closet
CHRISTIAN ASSISTANCE MINISTRY,210-697-5771,,,christianassistanceministry.org Serving individuals and families in need of assistance 5084 DeZavala
DEPAUL FAMILY CENTER,210-334-2300,7607 Somerset Rd.,,adssa.org/social-services Clothing assistance by appointment
DRESS FOR SUCCESS,210-737-1515,600 N. Frio Street,,"dfssanantonio.org Professional attire, support network, and developmental tools for women. Monday-Thursday 8:30 a.m.-4:30 p.m."
ELLA AUSTIN COMMUNITY CENTER,210-224.2351,1023 N. Pine St.,,ellaaustin.org Multi-social service agency offering clothing assistance to individuals and families in crisis.
INNER CITY DEVELOPMENT,210-224-7239,,,"innercitydevelopment.org 1300 Chihuahua Office: Monday-Friday, 9:00 a.m.-12:00 p.m. Access to groceries for families in crisis, sack lunches, and prepared bags of clothing provided to homeless individuals. Individual service hours may vary."
LITTLE CHURCH OF LA VILLITA,210-226-3593,"418 Villita St., Building 13",,"Provides free emergency food and clothing to those in need, including seniors, the disabled, and low-income families with children. Supports all of Bexar County."
OPERATION SCHOOL BELL,210-732-1200,2611 West Ave.,,Dressing students in need (K-5) in San Antonio area Title I elementary schools
PRESA COMMUNITY CENTER,210-532-5295,,,presa.org 3721 S. Presa
CAREER CLOSET,,,,"No cost, work-appropriate clothing available to men and women actively seeking employment and recently hired who need to add a few items that will make a difference."
SA HOPE CENTER,210-732-3776,,,"sahopecenter.org 321 N. General McMullen Mentorship program working to enhance the lives of working, low-income individuals and families to become food secure and increasingly sustainable on a long-term basis. Food pantry, clothing assis- tance, and emergency diaper assistance available to those that qualify. Contact for enrollment re- quirements."
SOCIETY OF ST. VINCENT DE PAUL,210-225-7837,,,svdpsa.org Direct support to our community's most vulnerable residents with clothing needs. Call for location op- tions and hours of operation.
DENTAL,,,,
CENTROMED,210-922-7000,,,"centromedsa.com (Schedule an appointment) Integrated primary care clinic that provides accessi- ble services of superior quality. Multiple locations available. Medicaid, CHIP, and private insurance accepted."
COMMUNICARE ,210-233-7000,,,"communicaresa.org Provides comprehensive dental care for children and adults. Services include preventative care and restorative care, dental disease treatments, and oral hygiene education."
EDUCATION & CAREER DEVELOPMENT,,,,
DRESS FOR SUCCESS,210-737-1515,600 N. Frio Street Developmental tools for women,,dfssanantonio.org Monday-Thursday 8:30 a.m.-4:30 p.m.
HEALY-MURPHY CENTER,210-223-2944,618 Live Oak St.,,healymurphy.org Free Texas Certification of High School Equivalency (GED) test preparation classes and case manage- ment. Class participants with high attendance are eligible for financial assistance for GED test fees. Monday-Friday: 8:00 a.m.-11:30 a.m. (Extended hours available as needed). Age requirements: Fe- males (ages 18-25; court ordered: ages 16-25); Males (ages 18-21; court ordered: ages 16-21). Call to register.
MADONNA NEIGHBORHOOD CENTER,210-432-2374,1906 Castroville Rd.,,"madonnacentersa.org In partnership with United Way, the Dual Genera- tion Initiative, works to remove barriers for families with children (ages 0-10) who are wanting to further their education and become self-sufficient. The Ma- donna Center is focusing on promoting mental health, well-being, self-efficacy and domestic vio- lence prevention."
SA YOUTH,210-223-3131,1215 W. Poplar St.,,sanantonioyouth.org Helping San Antonio’s low-income children stay in school and helping young adults who have quit school gain a second chance through high-school credit recovery and workforce training.
FINANCIAL,,,,
CATHOLIC CHARITIES,210-222-1294,,,ccaosa.org One-time emergency financial assistance
CHRISTIAN ASSISTANCE MINISTRY,210-697-5771,,,"christianassistanceministry.org Families with Proof of Residence can receive finan- cial assistance for medical prescriptions or utilities (application, ID & Social Security card required) CAM Northwest 5084 DeZavala"
DEPAUL FAMILY CENTER,210-334-2300,7607 Somerset Rd.,,adssa.org/social-services Limited monetary assistance to individuals that meet financial eligibility criteria. By appointment only.
FAMILY SERVICE ASSOCIATION	,210-431-4425,,,family-service.org
EYEGLASSES & OPTICAL,,,,
PREVENT BLINDNESS - TEXAS,210-236-7360,,,"texas.preventblindness.org 1600 NE Interstate 410, Suite 125 Financial and Housing Recovery Center offers free one-on-one financial counseling."
SOCIETY OF ST. VINCENT DE PAUL,210-225-7837,,,svdpsa.org Family and Community Assistance Program offers limited financial assistance is provided for expenses such as rent to very low-income individuals that qualify.
FOOD & GROCERIES,,,,
"AGAPE MINISTRY, INC.",210-590-6655,,,theagapeministryinc.org Food Pantry
ALAMO CENTER EDUCATION & TREATMENT,210-824-5537,5018 San Pedro,,alamocenter.org The Alamo Center Neighborhood Food Pantry is free and available to anyone in need of food assis- tance. Completion of intake form required prior to food distribution. Monday-Friday: 10:00 a.m.-3:00 p.m.
ANTIOCH BAPTIST CHURCH,210-225-2452,1001 N. Walters St.,,antiochsat.org/food-bank Food bank ministry
CATHOLIC CHARITIES,210-222-1294,,,ccaosa.org
ST. STEVEN'S CARE CENTER,210-226-6178,(Schedule an appointment) 2127 S. Zarzamora St.,,Monday-Friday: 8:30 a.m.-5:00 p.m.
GUADALUPE COMMUNITY CENTER 210-226-6178,,1801 Cesar Chavez,,"SNAP Assistance, Project Hope – First Monday of every month, low-income seniors can receive food"
CATHOLIC WORKER HOUSE,210-224-7736,"Safe haven for homeless seniors (ages 50+) with access to meals, gardening, laundry facilities, phone, email, games and movies. (Limited services provided on Fridays in the courtyard.) Monday- Thursday: 8:00 a.m.-1:00 p.m., Friday: 9:00 a.m.- 10:30 a.m.",,sa-catholicworker.org 626 Nolan
CHRISTIAN ASSISTANCE MINISTRY,210-223-4099,110 McCullough Ave,,"christianassistanceministry.org Serving individuals and families in need of assis- tance CAM Downtown Sack lunches provided to homeless, eligible fami- lies with proof of residence can receive groceries. Hours: Monday-Thursday: 9:30 a.m.-3:00 p.m., Fri- day: 9:30 a.m.-11:30 a.m. (Services may have spe- cific hours of availability.) CAM Northwest 210-697-5771 5084 DeZavala Sack lunches, Monday-Thursday 9:00 a.m.-2:00 p.m."
CORAZON SAN ANTONIO,210.226.8341,,,corazonsa.org  x318
DAY CENTER & RESOURCE HUB,,504 Avenue E,,"Monday-Friday: 11:00 a.m.-5:00 p.m. (Lunch served at noon.) Warm meal, Showers, ID Recovery, Street Outreach, Case Management"
DEPAUL FAMILY CENTER,210-334-2300,7607 Somerset Rd.,,"adssa.org/social-services Food assistance through our in-house food pantry, free groceries to financially eligible individuals (ages 60+). By appointment only."
ELLA AUSTIN COMMUNITY CENTER,210-224.2351,1023 N. Pine St.,,"ellaaustin.org Multi-social service agency offering assistance to individuals and families in crisis of food, clothing, and utilities assistance, senior nutrition, senior activ- ities and volunteer income tax assistance programs."
INMAN CHRISTIAN CENTER,210-222-9641,1214 Colima Street,,inmancenter.org Neighborhood-based community center serving the needs of low-income individuals and families in the inner city of San Antonio including emergency food assistance
INNER CITY DEVELOPMENT,210-224-7239,,,"innercitydevelopment.org 1300 Chihuahua Office: Monday-Friday, 9:00 a.m.-12:00 p.m. Access to groceries for families in crisis, sack lunch- es and prepared bags of clothing provided to homeless individuals. Individual service hours may vary."
LITTLE CHURCH OF LA VILLITA,210-226-3593,"418 Villita St., Building 13",,"Provides free emergency food and clothing to those in need, including seniors, the disabled, and low-income families with children."
MEAL ON WHEELS,210-735-5115,,,"mowsatx.org Free nutritious meals delivered each weekday to eligible senior and disabled individuals with an aim to eliminate hunger, alleviate isolation, and foster independence among seniors"
METROPOLITAN COMMUNITY CHURCH,210-472-3597,611 E Myrtle Street,,mccofsanantonio.com/foodpantry Food Pantry Hours: Saturdays following the 1st and 3rd Thursday of each month (8:00 a.m.-12:00 p.m.). Emergency food distribution is available Monday- Friday by appointment only.
SA HOPE CENTER,210-732-3776,,,"sahopecenter.org 321 N. General McMullen Mentorship program working to enhance the lives of working, low-income individuals and families to become food secure and increasingly sustainable on a long-term basis. Food pantry, clothing assis- tance, and emergency diaper assistance available to those that qualify. Contact for enrollment re- quirements."
SALVATION ARMY,210-352-2020,,,salvationarmysanantonio.org 910 N. Flores
SAN ANTONIO FOOD BANK,210-431-8326,,,"safoodbank.org Assistance with SNAP & other benefits applications, as well as finding immediate food assistance and job training opportunities. Find Food: freshtrak.com"
SENIOR NUTRITION PROGRAM,210-207-7172,,,"sanantonio.gov Provides senior adults (ages 60+) and their spouses, in Bexar County, with a free nutritionally balanced lunchtime meal in a congregate setting with sup- portive services. Call for center locations and addi- tional program information. Monday-Friday: 9:00 a.m.-1:00 p.m."
SOCIETY OF ST. VINCENT DE PAUL,210-225-7837,,,svdpsa.org Direct support to our community's most vulnerable residents with essential food needs. Call for location options and hours of operation.
LAUNDRY,,,,
CATHOLIC WORKER HOUSE,210-224-7736,"Safe haven for homeless individuals (age 50+) with access to meals, gardening, laundry facilities, phone, email, games and movies. (Limited services provided on Fridays in the courtyard.) Monday- Thursday: 8:00 a.m.-1:00 p.m., Friday: 9:00 a.m.- 10:30 a.m.",,sa-catholicworker.org 626 Nolan
LEGAL,,,,
BEXAR COUNTY GUARDIANSHIP PROGRAM,210-335-3744,,,"233 N. Pecos, Suite 320-G Guardianship is a legal process utilized when a per- son can no longer make or communicate safe or sound decisions. Call to discuss referral."
EQUAL JUSTICE CENTER,210-308-6222,,,"equaljusticecenter.org Nonprofit organization that provides legal assis- tance to qualified, low-income individuals on the topics of workplace rights and rights to work."
DACA APPLICATIONS 888-670-6854,,,,Assistance with preparation and submission of De- ferred Action for Childhood Arrivals (DACA) appli- cation.
TEXAS RIOGRANDE LEGAL AID,833-329-8752,,,"trla.org Provides free legal counsel, representation, and ed- ucational services to people with low-income in 68 Texas counties. Monday-Friday: 9:00 a.m.-5:00 p.m."
DRIVER'S LICENSE RESTORATION CLINIC,,1 Haven for Hope Way,,Serves homeless and low-income veterans. Staff work to remove barriers to obtaining driver's licens- es. At 1:30 p.m. every Friday; appointments encour- aged.
LEGAL AID FOR VETERANS,,,,"Audie L. Murphy Hospital (Rec. Room) 7400 Merton Minter Serves low-income veterans and direct dependents with legal issues related to housing, foreclosure, veterans benefits, SNAP/TANF, family law, Social Security benefits, Medicaid/Medicare/CHIP, con- sumer law, and other legal issues. First Wednesday of the month; 9:00 a.m.-12:00 p.m."
TRANSPORTATION,,,,
PRESA COMMUNITY CENTER,210-532-5554,Transportation services for those who are unable to drive or use public transportation. Eligible individu- als (ages 60+) and individuals currently disabled. $5 per trip/ $10 round trip. Rides available Monday- Friday.,,presa.org 3721 S. Presa (Schedule at least two weeks in advance.)
VIA BUS,210-362-2020,,,"viainfo.net Reduced rates are available for qualifying students, seniors, children, disabled, veteran, U.S. miliary, or Medicare recipients."
BUS ROUTING & SCHEDULING 210-362-2020,,Monday-Friday: 6:00 a.m.-10:00 p.m. Saturday: 7:00 a.m.-7:00 p.m.,,Sunday: 8:00 a.m.-5:00 p.m.
CENTRO PLAZA 210-299-5802,,909 W. Houston St.,,"Monday-Friday: 8:00 a.m.-1:00 p.m., 2:30 p.m.-5:00 p.m."
ELLIS ALLEY INFORMATION CENTER 210-299-1213,,212 Chestnut St.,,"Monday-Friday: 8:00 a.m.-1:00 p.m., 2:30 p.m.-5:00 p.m."
VIA METRO CENTER 210-362-2006,,1021 San Pedro,,Monday-Friday: 8:00 a.m.-5:00 p.m.
MISCELLANEOUS,,,,
CORAZON SAN ANTONIO,210.226.8341,,,corazonsa.org x318
DAY CENTER & RESOURCE HUB,,504 Avenue E,,"Monday-Friday: 11:00 a.m.-5:00 p.m. (Lunch served at noon.) Warm meal, Showers, ID Recovery, Street Outreach, Case Management"
MEDICAL CENTER,,,,230 E. Travis This clinic is 100% free and offers some pharmaceu- tical needs. Sunday: 8:00 a.m.-11:30 a.m. Wednesday: 4:30 p.m.-6:30 p.m.
DEPAUL FAMILY CENTER,210-334-2300,7607 Somerset Rd.,,"adssa.org/social-services Help navigating public assistance programs (i.e. Medicare, Medicaid, SSI, Care Link, food stamps and child care). By appointment only."
ELLA AUSTIN COMMUNITY CENTER,210-224.2351,1023 N. Pine St.,,"ellaaustin.org Multi-social service agency offering affordable day care, parenting classes, youth and family services including after school and summer youth programs, assistance to individuals and families in crisis of food, clothing, and utilities assistance, senior nutri- tion, senior activities and volunteer income tax as- sistance programs."
FAMILY SERVICE ASSOCIATION	,210-299-2400,,,family-service.org
MARGRET’S PLACE,,,,"Emergency Pantry providing access to basic items, such as soap, deodorant, diapers, and school sup- plies."
PROJECT MEND,210-223-6363,5015 Wurzbach Road,,"projectmend.org Transforming lives through medical equipment reuse such as walk- ers, shower chairs, and canes."
UNITED WAY,,"Uniting people to address our community’s most complex issues. 211 is a free, anonymous social service hotline that helps people find information about local resources in their community.",,uwsatx.org 211
DEAF & HARD OF HEARING,,,,
DEAF COUNSELING CENTER,240-380-2577,,,"deafcounseling.com (Videophone) Deaf-owned and operated therapy, counseling, coaching, assess- ments and psychiatric and consulting practice staffed by Deaf li- censed professional therapists."
NATIONAL DEAF THERAPY $,,,,nationaldeaftherapy.com Full-service mental health support for the deaf community offering American Sign Language (ASL) therapy sessions
DOMESTIC VIOLENCE,,,,
BEXAR COUNTY FAMILY JUSTICE CENTER ,210-631-0100,,,"bcfjc.org 1- 126 E. Nueva, 2nd Floor Coordinated services for victims of domestic and family violence in- cluding Criminal Justice Intervention, Civil Legal Services, Child Care, Counseling Services, and Life Skills"
FAMILY VIOLENCE PREVENTION SERVICES,210-930-3669,7911 Broadway,,"fvps.org Offers residential and non-residential clients shelter, transitional housing, counseling for adults, children, families, and legal services. These services help individuals and families recovery from the pain and longer-term effects of domestic violence."
MAGDALENA HOUSE,210-561-0505,,,"maghouse.org Transitional homes in San Antonio that serves mothers and their chil- dren who have fled dangerous and abusive lives. Utilizing a dual- generation approach, we provide safe shelter, basic needs, educa- tional programming, and therapeutic services."
TEXAS ADVOCACY PROJECT,800-374-4673,,,"texasadvocacyproject.org Free legal services and access to the justice system for domestic violence survivors. Provides advice over the phone, support with do-it-yourself legal filing processes, and complete client representa- tion."
WOMENSLAW,,,,"womenslaw.org Legal resources for victims of abuse, and an Email Hotline providing information related to domestic violence, sexual assault, or stalking."
FIRST RESPONDERS,,,,
FIRST RESPONDER BEHAVIORAL HEALTH TRAINING,713-500-3599,,,"uthealth.catalog.instructure.com/browse/heroes Free, research-based courses providing first re- sponders across Texas with the tools and infor- mation necessary to recognize and address symp- toms of substance use and mental health disorders in themselves or others. Courses are provided by UTHealth Houston and are available to any career or volunteer first responder (law enforcement of- ficer, firefighter, dispatcher, EMT, paramedic), ac- tive or retired, in Texas."
TEXAS LAW ENFORCEMENT PEER NETWORK,972-338-1314,,,"untdallas.edu/cpi/tlepn Free program designed to give every Texas law en- forcement officer access to a specially trained peer to address stressors, trauma, fatigue, and other needs to combat workforce burnout and end police suicide and self-harm."
HIV/AIDS CARE,,,,
ALAMO AREA RESOURCE CENTER,210-625-7200,,,"aarcsa.com 303 N. Frio Alamo Area Resource Center (AARC) provides short -term rental, mortgage and utility assistance (STRMU), tenant-based rental assistance (TBRA), and housing case management for people living with HIV."
SAN ANTONIO AIDS FOUNDATION,210-225-4715,,,sanantonioaids.org 818 E. Grayson
CARSON HOUSE,,,,"Transitional housing for homeless men, women, and transgender individuals living with HIV/AIDS. Residents pay 30% of their adjusted gross monthly income in rent on the 5th of every month."
INTELLECTUAL &,,,,
DEVELOPMENTAL DISABILITIES,,,,
ALAMO AREA COUNCIL OF GOVERNMENTS,210-832-5020,,,"Operates as the local intellectual and developmen- tal disability authority for Bexar County aacog.com/IDDServices 2700 NE Loop 410, Suite 101 Operates as the local intellectual and developmen- tal disability authority for Bexar County providing service coordination for individuals with intellectual & developmental disability (IDD)."
CENTER FOR HEALTHCARE SERVICES	,210-261-2427,,,"chcsbc.org People living with IDD deserve to live life to its full- est, and may require long-term services and sup- ports indefinitely. By promoting dignity and choice for adults with IDD, the CHCS Long-Term Care Ser- vices help improve the quality of life for consumers and their loved ones through programs designed for inclusivity, accessibility, and independence."
THE ARC OF SAN ANTONIO,210-490-4300,,,arc-sa.org The Arc of San Antonio serves as a social service home in Bexar and surrounding counties to children and adults with intellectual and developmental dis- abilities (IDD) and assists their families during all phases of life.
CALIDAD ,,227 W. Drexel,,
DAY HABILITATION 210-261-3706,,,,"Activities to help intellectually disabled individuals become more independent in daily and personal skills. Provides assistance with acquiring, retaining, or improving self-help, socialization, and adaptive skills necessary to live successfully in the community and to participate in home and community life."
EMPLOYMENT CONNECTIONS 210-261-3419,,,,"The employment team provides assistance in attain- ing and sustaining competitive, integrated employ- ment in the community to include résumé building, interviewing skills, job placement and job coaching to all Bexar County residents with disabilities."
EISENHAUER GROUP HOME $,210-261-3419,2927 Eisenhauer Road,,"10-bed group home for individuals with an intellec- tual or developmental disability. Facility provides 24 -hour residential services for individuals who do not live independently or with their natural family. In- cludes meals, medication management, transporta- tion, living skills, leisure/recreational activities and support."
HOME & COMMUNITY-BASED SERVICES $,210-261-3419,,,"Medicaid Waiver Program that provides services to people of all ages with an intellectual or develop- mental disability, related condition, or both, who live with their families or in their own home. To maintain optimal quality of life, we provide services to help with needs related to daily living, independ- ent living and leisure/recreational activities."
MULTI-ASSISTANCE CENTER (MAC),210-817-3935,5210 Thousand Oaks Dr.,,morganswonderlandmac.com Community Center for Individuals with Disabilities and Special Needs that provides comprehensive and coordinated services.
PREGNANCY,,,,
CASA MIA,210-549-4730,,,casamiasanantonio.com Recovery home helping pregnant and parenting women who are recovering from opioid use disor- ders prioritizing keeping families together.
CATHOLIC CHARITIES,,,,ccaosa.org
GUADALUPE HOME 210-476-0707,,,,"Transitional shelter for pregnant and parenting mothers and their babies who find themselves homeless and are interested in making a change for a hopeful future through full-time education enroll- ment or employment. Case management, parenting education, life skills training, and counseling are provided."
DEPAUL FAMILY CENTER,210-334-2300,7607 Somerset Rd.,,adssa.org/social-services
REALIZING & ACHIEVING YOUR SUCCESS (RAYS),,"Program for individuals that are pregnant or have a child (age 36 months or younger). Program pro- vides material assistance, counseling, classes and guidance.",,
GEORGE GERVIN YOUTH CENTER: BASIC CENTER,210-568-8800,6944 South Sunbelt Drive,,"Pregnant, homeless, and/or runaway individuals (ages 13-17) looking to continue their education in a safe and supportive environment. The Basic Pro- gram provides therapeutic and supportive services and acts as a short- and long-term residential care facility to those whose needs are not adequately met in their current family structure or other shel- ters."
SETON HOME,210-533-3504,1115 Mission Rd.,,"setonhomesa.org Long-term residential program as well as an emer- gency shelter for pregnant and parenting teen mothers and their children in order to break the cy- cle of abuse and poverty by providing a caring home, education, and support services."
VETERANS,,,,
ALAMO COMMUNITY GROUP,210-731-8030,"4606 Centerview Drive, Suite 170",,alamocommunitygroup.org
HOUSE OUR HEROES PROGRAM 210-699-9074,,,,Quality affordable housing and extensive support- ive services to include outreach and case manage- ment to homeless and at-risk veteran families.
BEXAR COUNTY MILITARY AND VETERANS SER-,,,,
VICES CENTER,210-335-6775,"1422 E. Grayson St., 4th Floor",,"bexar.org/509/Military-and-Veterans-Services- Center The Bexar County Military and Veterans Services Center is your advocate, and we can assist and sup- port you with your Veteran Affairs benefit claim fil- ing and provide you vetted resources and assis- tance with eligible VA benefits."
THE ECUMENICAL CENTER	,210-616-0885,8310 Ewing Halsell Drive (Headquarters),,ecrh.org
MILITARY AND VETERAN SUPPORT GROUPS,,,,"510 Belknap Place Endeavors supports the lives and well-being of Vet- erans, active duty service members, and military families, regardless of role while in uniform, dis- charge status, or combat experience by providing tools and services such as free and low-cost coun- seling, mental health support, life skills courses, fit- ness classes, case management, and more. Current groups: Survivors of Loved Ones’ Suicides (SOLOS) and Life After Loss: Grief/Bereavement Support Group. Call for scheduling and enrollment."
HAVEN FOR HOPE	,210-220-2100,1 Haven For Hope Way,,havenforhope.org Haven for Hope’s Veteran’s Service team works with veterans experiencing homelessness beyond their immediate shelter needs. We help them establish Social Security disability and Veterans Affairs bene- fits and apply for other federal and state resources that can greatly improve their quality of life. Intake hours are Monday-Friday: 7:00 a.m.-3:00 p.m.
LAUREL RIDGE TREATMENT CENTER ,210-491-9400,17720 Corporate Woods Drive,,"laurelridgetc.com Our mental health treatment center is proud to sup- port the military and their families. If you are a mili- tary member, we offer specific programs for you, including military trauma programs, military sub- stance abuse programs and more."
NATIONAL VETERANS OUTREACH PROGRAM,210-223-4088,,,agif-nvop.org
VETERANS SERVICE CENTER SAN ANTONIO 210-354-4892,,,,"611 N. Flores, Suite 200 Employment Assistance for Veterans and Homeless Civilians, Housing Intake"
RESIDENTIAL CENTER FOR HOMELESS VETERANS,210-354-4892,"80-bed facility dedicated to the needs of America’s warriors who have been living on the streets. Ser- vices include case management, employment assis- tance, housing assistance, counseling groups, sub- stance use treatment, on-site gym, three meals dai- ly, on-site computer labs, and shuttle services to ap- pointments and job interviews (available by ap- pointment).",,(Request Intake) 519 N. Medina
VETERAN HOUSING AND COUNSELING 210-233-8505,210-617-5300,"206 San Pedro, Suite 200",,"Services that assist very low-income veteran families in obtaining permanent housing. No-cost mental health services provided to Veterans and their local family members. SOUTH TEXAS VETERANS HEALTH CARE SYSTEM  va.gov/south-texas-health-care If you’re struggling with issues like PTSD, depres- sion, grief, anger or trauma, we offer counseling and other support. All VA health care facilities offer same-day help. You may qualify even without enrol- ling in VA health care. Service options include Inpa- tient Hospitalization, Individual Therapy, Group Therapy, Case Management, Medication Manage- ment, Intensive Outpatient Program, Crisis"
TEXAS RIOGRANDE LEGAL AID,833-329-8752,,,trla.org
DRIVER'S LICENSE RESTORATION CLINIC,,1 Haven for Hope Way,,Assists low-income veterans with removing barriers to obtaining driver's licenses. At 1:30 p.m. every Friday; appointments encouraged.
LEGAL AID FOR VETERANS,,,,"Audie L. Murphy Hospital Rec. Rm 7400 Merton Minter Serves low-income veterans and direct dependents with legal issues related to housing, foreclosure, veterans benefits, SNAP/TANF, family law, Social Security benefits, Medicaid/Medicare/CHIP, con- sumer law, and other legal issues. First Wednesday of the month; 9:00 a.m.-12:00 p.m."
VIA BUS,210-362-2020,,,viainfo.net Reduced rates are available for qualifying veteran and U.S. miliary. EACH ONE OF US CAN MAKE A DIFFERENCE. TOGETHER WE CAN MAKE A CHANGE. Barbara Mikulski
BEXAR COUNTY,,,,
DEPARTMENT OF BEHAVIORAL HEALTH,,,,Visit the Department of Behavioral Health website or scan the QR code  Subscribe for Local Behavioral Health Updates Submit Questions and Comments Submit Your Agency for the Directory
